{
  "levels": [
    {
      "name" : "tutorial",
      "next" : "level 1",
      "units_matrix":
        [
          [0,0,0,0,0,0,0,0,0,0,0],
          [0,0,0,0,0,0,0,0,0,0,0],
          [0,0,0,0,0,0,0,0,0,0,0],
          [0,0,0,13,0,0,-17,0,0,0,0],
          [0,0,0,0,0,0,0,0,0,0,0],
          [0,0,0,0,0,0,0,0,0,0,0],
          [0,0,0,0,0,0,0,0,0,0,0],
          [0,0,0,0,0,0,0,0,0,0,0]

        ],
      "terrain_matrix":
        [
          [53,53,53,53,53,53,53,53,53,53,53],
          [53,53,43,43,43,43,43,43,43,53,53],
          [53,53,43,43,43,43,43,43,43,53,53],
          [53,53,43,43,43,43,43,43,43,53,53],
          [53,53,43,43,43,43,43,43,43,53,53],
          [53,53,38,43,43,43,43,43,43,53,53],
          [53,53,6,38,43,43,43,43,43,53,53],
          [53,53,53,53,53,53,53,53,53,53,53]
        ]
    },
    {
      "name" : "level 1",
      "next" : "level 2",
      "units_matrix":
        [
          [0,0,0,0,0,0,0,0,0,0,0],
          [0,0,0,0,0,0,0,0,0,0,0],
          [0,0,0,4,0,0,0,-7,0,0,0],
          [0,0,11,1,0,0,0,-4,0,0,0],
          [0,0,0,7,0,0,0,-1,0,0,0],
          [0,0,0,0,0,0,0,0,0,0,0],
          [0,0,0,0,0,0,0,0,0,0,0],
          [0,0,0,0,0,0,0,0,0,0,0]

        ],
      "terrain_matrix":
        [
          [4,4,4,4,4,4,4,4,4,4,4],
          [4,4,24,24,24,42,24,24,24,4,4],
          [4,4,24,24,24,42,24,24,24,4,4],
          [4,4,24,24,24,42,24,24,24,4,4],
          [4,4,24,24,24,42,24,24,24,4,4],
          [4,4,24,24,24,42,24,24,24,4,4],
          [4,4,24,24,24,42,24,24,24,4,4],
          [4,4,4,4,4,4,4,4,4,4,4]
        ]
    },
    {
    "name" : "level 2",
      "next" : "level 3",
      "units_matrix":
        [
          [0,0,0,0,0,0,0,0,0,0,0,0,0,0,0],
          [0,0,0,0,0,0,0,0,0,0,0,0,0,0,0],
          [0,0,0,0,0,0,0,0,0,0,0,0,-3,0,0],
          [0,0,0,0,0,0,0,0,0,0,0,0,0,0,0],
          [0,0,0,9,0,0,0,0,0,0,-9,0,0,0,0],
          [0,0,0,4,0,0,0,0,0,0,0,-3,0,0,0],
          [0,0,12,0,0,0,0,0,0,0,0,0,-12,0,0],
          [0,0,0,3,0,0,0,0,0,0,0,-4,0,0,0],
          [0,0,0,9,0,0,0,0,0,0,-9,0,0,0,0],
          [0,0,0,0,0,0,0,0,0,0,0,0,0,0,0],
          [0,0,0,0,0,0,0,0,0,0,0,0,-3,0,0],
          [0,0,0,0,0,0,0,0,0,0,0,0,0,0,0],
          [0,0,0,0,0,0,0,0,0,0,0,0,0,0,0],
          [0,0,0,0,0,0,0,0,0,0,0,0,0,0,0]

        ],
      "terrain_matrix":
        [
          [0,0,0,0,0,0,0,0,0,0,0,0,0,0,0],
          [0,0,37,37,37,37,37,37,37,37,37,37,37,0,0],
          [0,0,37,37,37,37,37,37,37,37,37,37,37,0,0],
          [0,0,37,37,51,51,51,37,37,37,37,37,37,0,0],
          [0,0,37,37,51,13,51,37,37,37,37,37,37,0,0],
          [0,0,37,37,51,51,51,24,24,37,37,37,37,0,0],
          [0,0,37,37,37,37,37,24,24,37,37,37,37,0,0],
          [0,0,37,37,51,51,51,24,24,37,37,37,37,0,0],
          [0,0,37,37,51,13,51,37,37,37,37,37,37,0,0],
          [0,0,37,37,51,51,51,37,37,37,37,37,37,0,0],
          [0,0,37,37,37,37,37,37,37,37,37,37,37,0,0],
          [0,0,37,37,37,37,37,37,37,37,37,37,37,0,0],
          [0,0,0,0,0,0,0,0,0,0,0,0,0,0,0]
        ]
    },
     {
     "name" : "level 3",
      "next" : "final level",
      "units_matrix":
        [
          [0,0,0,0,0,0,0,0,0,0,0,0,0,0,0],
          [0,0,0,0,0,0,0,0,0,0,0,0,0,0,0],
          [0,0,0,0,0,11,0,1,0,11,0,0,0,0,0],
          [0,0,0,0,0,0,8,0,0,0,8,0,0,0,0],
          [0,0,-12,0,0,0,6,0,0,6,0,0,-12,0,0],
          [0,0,-7,0,1,0,0,0,8,0,0,0,-7,0,0],
          [0,0,-4,0,0,0,0,0,0,0,0,0,-4,0,0],
          [0,0,0,0,0,0,0,0,0,0,0,0,0,0,0],
          [0,0,0,0,0,0,0,0,0,0,0,0,0,0,0],
          [0,0,0,0,0,0,-1,-12,-4,0,0,0,0,0,0],
          [0,0,0,0,0,0,0,0,0,0,0,0,0,0,0],
          [0,0,0,0,0,0,0,0,0,0,0,0,0,0,0],
          [0,0,0,0,0,0,0,0,0,0,0,0,0,0,0],
          [0,0,0,0,0,0,0,0,0,0,0,0,0,0,0]

        ],
      "terrain_matrix":
        [
          [0,0,0,0,0,0,0,0,0,0,0,0,0,0,0],
          [0,0,37,37,2,2,2,2,2,2,2,37,37,0,0],
          [0,0,37,37,2,44,44,44,44,44,2,37,37,0,0],
          [0,0,28,37,2,44,44,14,44,44,56,37,28,0,0],
          [0,0,28,37,56,44,44,44,44,44,56,37,28,0,0],
          [0,0,28,37,56,44,44,44,44,44,2,37,28,0,0],
          [0,0,28,37,2,2,56,56,2,2,2,37,28,0,0],
          [0,0,28,37,37,37,37,37,37,37,37,37,28,0,0],
          [0,0,28,37,37,37,37,37,37,37,37,37,28,0,0],
          [0,0,28,37,37,37,37,37,37,37,37,37,28,0,0],
          [0,0,28,37,37,37,37,37,37,37,37,37,28,0,0],
          [0,0,28,28,28,28,28,28,28,28,28,28,28,0,0],
          [0,0,0,0,0,0,0,0,0,0,0,0,0,0,0]
        ]
    },
    {
      "name" : "final level",
      "next" : "credits",
      "units_matrix":
        [
          [0,0,0,0,0,0,0,0,0,0,0],
          [0,0,13,0,0,2,0,0,0,0,0],
          [0,0,11,0,5,0,0,0,0,0,0],
          [0,0,0,8,0,0,0,0,-14,0,0],
          [0,0,0,0,0,0,0,-14,0,0,0],
          [0,0,0,0,0,0,-14,0,0,0,0],
          [0,0,0,0,0,0,0,0,-16,0,0],
          [0,0,0,0,0,0,0,0,0,0,0]
        ],
      "terrain_matrix":
        [
          [4,4,4,4,4,4,4,4,4,4,4],
          [4,4,42,42,42,24,24,42,42,4,4],
          [4,4,42,42,42,12,42,42,42,4,4],
          [4,4,42,42,12,5,42,42,42,4,4],
          [4,4,24,24,42,42,42,42,27,4,4],
          [4,4,24,24,42,42,42,27,27,4,4],
          [4,4,42,42,42,42,27,27,27,4,4],
          [4,4,4,4,4,4,4,4,4,4,4]
        ]
    },

    {
      "name" : "credits",
      "next" : "tutorial",
      "units_matrix":
        [
          [0,0,0,0,0,0,0,0,0,0,0],
          [0,0,0,0,0,0,0,0,0,0,0],
          [0,0,0,0,0,0,0,0,0,0,0],
          [0,0,0,0,0,0,0,0,0,0,0],
          [0,0,0,0,0,0,0,0,0,0,0],
          [0,0,0,0,0,0,0,0,0,0,0],
          [0,0,0,0,0,0,0,0,0,0,0],
          [15,0,0,0,0,0,0,0,0,0,-15]
        ],
      "terrain_matrix":
        [
          [54,54,54,54,54,54,54,54,54,54,54],
          [53,53,53,54,53,54,53,54,54,53,54],
          [53,54,54,54,53,54,53,53,54,53,54],
          [53,53,53,54,53,54,53,53,53,53,54],
          [53,54,54,54,53,54,53,54,53,53,54],
          [53,54,54,54,53,54,53,54,54,53,54],
          [54,54,54,54,54,54,54,54,54,54,54],
          [55,54,54,54,54,54,54,54,54,54,55]
        ]
    }
  ],
  "units": [
    {   "name":"swordsman",
        "class": 1,
        "maxhp": 20,
        "attack": 8,
        "defense": 2,
        "move": 5,
        "range": 1,
        "weapon": "sword",
        "image": "swordsman1.png"
    },
    {   "name":"swordsman",
        "class": 2,
        "maxhp": 20,
        "attack": 8,
        "defense": 2,
        "move": 5,
        "range": 1,
        "weapon": "sword",
        "image": "swordsman2.png"
    },
    {   "name":"swordsman",
        "class": 3,
        "maxhp": 20,
        "attack": 8,
        "defense": 2,
        "move": 5,
        "range": 1,
        "weapon": "sword",
        "image": "swordsman3.png"
    },
    {   "name":"fighter",
        "class": 4,
        "maxhp": 25,
        "attack": 10,
        "defense": 1,
        "move": 4,
        "range": 1,
        "weapon": "axe",
        "image": "axeuser1.png"
    },
    {   "name":"fighter",
        "class": 5,
        "maxhp": 25,
        "attack": 10,
        "defense": 1,
        "move": 4,
        "range": 1,
        "weapon": "axe",
        "image": "axeuser2.png"
    },
    {   "name":"fighter",
        "class": 6,
        "maxhp": 25,
        "attack": 10,
        "defense": 1,
        "move": 4,
        "range": 1,
        "weapon": "axe",
        "image": "axeuser3.png"
    },
    {   "name":"lancer",
        "class": 7,
        "maxhp": 22,
        "attack": 7,
        "defense": 4,
        "move": 4,
        "range": 1,
        "weapon": "lance",
        "image": "lanceuser1.png"
    },
    {   "name":"lancer",
        "class": 8,
        "maxhp": 22,
        "attack": 7,
        "defense": 4,
        "move": 4,
        "range": 1,
        "weapon": "lance",
        "image": "lanceuser1.png"
    },
    {   "name":"lancer",
        "class": 9,
        "maxhp": 22,
        "attack": 7,
        "defense": 4,
        "move": 4,
        "range": 1,
        "weapon": "lance",
        "image": "lanceuser1.png"
    },
    {   "name":"archer",
        "class": 10,
        "maxhp": 18,
        "attack": 8,
        "defense": 0,
        "move": 5,
        "range": 2,
        "weapon": "bow",
        "image": "archer1.png"
    },
    {   "name":"archer",
        "class": 11,
        "maxhp": 18,
        "attack": 8,
        "defense": 0,
        "move": 4,
        "range": 2,
        "weapon": "bow",
        "image": "archer2.png"
    },
    {   "name":"archer",
        "class": 12,
        "maxhp": 18,
        "attack": 8,
        "defense": 0,
        "move": 4,
        "range": 2,
        "weapon": "bow",
        "image": "archer3.png"
    },
    {   "name":"Roy",
        "class": 13,
        "maxhp": 40,
        "attack": 13,
        "defense": 3,
        "move": 5,
        "range": 1,
        "weapon": "sword",
        "image": "roy.png"
    },
    {   "name":"Lesser demon",
        "class": 14,
        "maxhp": 28,
        "attack": 7,
        "defense": 1,
        "move": 5,
        "range": 1,
        "weapon": "claw",
        "image": "demon.png"
    },
    {   "name":"invis",
        "class": 15,
        "maxhp": 28,
        "attack": 7,
        "defense": 1,
        "move": 3,
        "range": 1,
        "weapon": "claw",
        "image": "invis.png"
    },
    {   "name":"Dragon",
        "class": 16,
        "maxhp": 70,
        "attack": 15,
        "defense": 1,
        "move": 3,
        "range": 1,
        "weapon": "flame breath",
        "image": "dragon.png"
    },
    {   "name":"Dragon egg",
        "class": 17,
        "maxhp": 30,
        "attack": 7,
        "defense": 4,
        "move": 5,
        "range": 1,
        "weapon": "shell",
        "image": "egg.png"
    }
  ],
  "terrain": [
    {   "name":"brick wall",
        "class" : 0,
        "atkBonus": 0,
        "defBonus": 0,
        "img": "images/terrains/impassable/impassable6.png",
        "type": "impassable"
    },
    {   "name":"ice wall",
        "class" : 1,
        "atkBonus": 0,
        "defBonus": 0,
        "img": "images/terrains/impassable/impassable1.png",
        "type": "impassable"
    },
    {   "name":"stone wall",
        "class" : 2,
        "atkBonus": 0,
        "defBonus": 0,
        "img": "images/terrains/impassable/impassable2.png",
        "type": "impassable"
    },
    {   "name":"stone wall",
        "class" : 3,
        "atkBonus": 0,
        "defBonus": 0,
        "img": "images/terrains/impassable/impassable3.png",
        "type": "impassable"
    },
    {   "name":"garden",
        "class" : 4,
        "atkBonus": 0,
        "defBonus": 0,
        "img": "images/terrains/impassable/impassable4.png",
        "type": "impassable"
    },
    {   "name":"moss wall",
        "class" : 5,
        "atkBonus": 0,
        "defBonus": 0,
        "img": "images/terrains/impassable/impassable5.png",
        "type": "impassable"
    },
    {   "name":"white palace",
        "class" : 6,
        "atkBonus": 2,
        "defBonus": 1,
        "img": "images/terrains/city/city1.png",
        "type": "city"
    },
    {   "name":"village",
        "class" : 7,
        "atkBonus": 2,
        "defBonus": 1,
        "img": "images/terrains/city/city2.png",
        "type": "city"
    },
    {   "name":"purple palace",
        "class" : 8,
        "atkBonus": 2,
        "defBonus": 1,
        "img": "images/terrains/city/city3.png",
        "type": "city"
    },
    {   "name":"brown palace",
        "class" : 9,
        "atkBonus": 2,
        "defBonus": 1,
        "img": "images/terrains/city/city4.png",
        "type": "city"
    },
    {   "name":"golden city",
        "class" : 10,
        "atkBonus": 2,
        "defBonus": 1,
        "img": "images/terrains/city/city5.png",
        "type": "city"
    },
    {   "name":"rock city",
        "class" : 11,
        "atkBonus": 2,
        "defBonus": 1,
        "img": "images/terrains/city/city6.png",
        "type": "city"
    },
    {   "name":"stone city",
        "class" : 12,
        "atkBonus": 2,
        "defBonus": 1,
        "img": "images/terrains/city/city7.png",
        "type": "city"
    },
    {   "name":"royal palace",
        "class" : 13,
        "atkBonus": 2,
        "defBonus": 1,
        "img": "images/terrains/city/city8.png",
        "type": "city"
    },
    {   "name":"purple fortress",
        "class" : 14,
        "atkBonus": 2,
        "defBonus": 1,
        "img": "images/terrains/city/city9.png",
        "type": "city"
    },
    {   "name":"brown fortress",
        "class" : 15,
        "atkBonus": 2,
        "defBonus": 1,
        "img": "images/terrains/city/city10.png",
        "type": "city"
    },
    {   "name":"dense green forest",
        "class" : 16,
        "atkBonus": 1,
        "defBonus": 0,
        "img": "images/terrains/forest/forest1.png",
        "type": "forest"
    },
    {   "name":"sparse green forest",
        "class" : 17,
        "atkBonus": 1,
        "defBonus": 0,
        "img": "images/terrains/forest/forest2.png",
        "type": "forest"
    },
    {   "name":"ice forest",
        "class" : 18,
        "atkBonus": 1,
        "defBonus": 0,
        "img": "images/terrains/forest/forest3.png",
        "type": "forest"
    },
    {   "name":"snow forest",
        "class" : 19,
        "atkBonus": 1,
        "defBonus": 0,
        "img": "images/terrains/forest/forest4.png",
        "type": "forest"
    },
    {   "name":"small forest",
        "class" : 20,
        "atkBonus": 1,
        "defBonus": 0,
        "img": "images/terrains/forest/forest5.png",
        "type": "forest"
    },
    {   "name":"blue forest",
        "class" : 21,
        "atkBonus": 1,
        "defBonus": 0,
        "img": "images/terrains/forest/forest6.png",
        "type": "forest"
    },
    {   "name":"fall forest",
        "class" : 22,
        "atkBonus": 1,
        "defBonus": 0,
        "img": "images/terrains/forest/forest7.png",
        "type": "forest"
    },
    {   "name":"light green forest",
        "class" : 23,
        "atkBonus": 1,
        "defBonus": 0,
        "img": "images/terrains/forest/forest8.png",
        "type": "forest"
    },
    {   "name":"forest",
        "class" : 24,
        "atkBonus": 1,
        "defBonus": 0,
        "img": "images/terrains/forest/forest9.png",
        "type": "forest"
    },
    {   "name":"rain forest",
        "class" : 25,
        "atkBonus": 1,
        "defBonus": 0,
        "img": "images/terrains/forest/forest10.png",
        "type": "forest"
    },
    {   "name":"grass mountain",
        "class" : 26,
        "atkBonus": 2,
        "defBonus": 2,
        "img": "images/terrains/mountain/mountain1.png",
        "type": "mountain"
    },
    {   "name":"green mountain",
        "class" : 27,
        "atkBonus": 2,
        "defBonus": 2,
        "img": "images/terrains/mountain/mountain2.png",
        "type": "mountain"
    },
    {   "name":"barren mountain",
        "class" : 28,
        "atkBonus": 2,
        "defBonus": 2,
        "img": "images/terrains/mountain/mountain3.png",
        "type": "mountain"
    },
    {   "name":"tri-peak mountain",
        "class" : 29,
        "atkBonus": 2,
        "defBonus": 2,
        "img": "images/terrains/mountain/mountain4.png",
        "type": "mountain"
    },
    {   "name":"desert mountain",
        "class" : 30,
        "atkBonus": 2,
        "defBonus": 2,
        "img": "images/terrains/mountain/mountain5.png",
        "type": "mountain"
    },
    {   "name":"grass mountain",
        "class" : 31,
        "atkBonus": 2,
        "defBonus": 2,
        "img": "images/terrains/mountain/mountain6.png",
        "type": "mountain"
    },
    {   "name":"sand mountain",
        "class" : 32,
        "atkBonus": 2,
        "defBonus": 2,
        "img": "images/terrains/mountain/mountain7.png",
        "type": "mountain"
    },
    {   "name":"ice mountain",
        "class" : 33,
        "atkBonus": 2,
        "defBonus": 2,
        "img": "images/terrains/mountain/mountain8.png",
        "type": "mountain"
    },
    {   "name":"snow mountain",
        "class" : 34,
        "atkBonus": 2,
        "defBonus": 2,
        "img": "images/terrains/mountain/mountain9.png",
        "type": "mountain"
    },
    {   "name":"sand mountain",
        "class" : 35,
        "atkBonus": 2,
        "defBonus": 2,
        "img": "images/terrains/mountain/mountain10.png",
        "type": "mountain"
    },
    {   "name":"clear plain",
        "class" : 36,
        "atkBonus": 0,
        "defBonus": 0,
        "img": "images/terrains/plain/plain1.png",
        "type": "plain"
    },
    {   "name":"green plain",
        "class" : 37,
        "atkBonus": 0,
        "defBonus": 0,
        "img": "images/terrains/plain/plain2.png",
        "type": "plain"
    },
    {   "name":"plain",
        "class" : 38,
        "atkBonus": 0,
        "defBonus": 0,
        "img": "images/terrains/plain/plain3.png",
        "type": "plain"
    },
    {   "name":"yellow plain",
        "class" : 39,
        "atkBonus": 0,
        "defBonus": 0,
        "img": "images/terrains/plain/plain4.png",
        "type": "plain"
    },
    {   "name":"ice plain",
        "class" : 40,
        "atkBonus": 0,
        "defBonus": 0,
        "img": "images/terrains/plain/plain5.png",
        "type": "plain"
    },
    {   "name":"snow plain",
        "class" : 41,
        "atkBonus": 0,
        "defBonus": 0,
        "img": "images/terrains/plain/plain6.png",
        "type": "plain"
    },
    {   "name":"grass plain",
        "class" : 42,
        "atkBonus": 0,
        "defBonus": 0,
        "img": "images/terrains/plain/plain7.png",
        "type": "plain"
    },
    {   "name":"barren plain",
        "class" : 43,
        "atkBonus": 0,
        "defBonus": 0,
        "img": "images/terrains/plain/plain8.png",
        "type": "plain"
    },
    {   "name":"grass plain",
        "class" : 44,
        "atkBonus": 0,
        "defBonus": 0,
        "img": "images/terrains/plain/plain9.png",
        "type": "plain"
    },
    {   "name":"green plain",
        "class" : 45,
        "atkBonus": 0,
        "defBonus": 0,
        "img": "images/terrains/plain/plain10.png",
        "type": "plain"
    },
    {   "name":"shallow sea",
        "class" : 46,
        "atkBonus": -1,
        "defBonus": -1,
        "img": "images/terrains/sea/sea1.png",
        "type": "sea"
    },
    {   "name":"sea",
        "class" : 47,
        "atkBonus": -1,
        "defBonus": -1,
        "img": "images/terrains/sea/sea2.png",
        "type": "sea"
    },
    {   "name":"deep sea",
        "class" : 48,
        "atkBonus": -1,
        "defBonus": -1,
        "img": "images/terrains/sea/sea3.png",
        "type": "sea"
    },
    {   "name":"clear sea",
        "class" : 49,
        "atkBonus": -1,
        "defBonus": -1,
        "img": "images/terrains/sea/sea4.png",
        "type": "sea"
    },
    {   "name":"sea",
        "class" : 50,
        "atkBonus": -1,
        "defBonus": -1,
        "img": "images/terrains/sea/sea5.png",
        "type": "sea"
    },
    {   "name":"shallow sea",
        "class" : 51,
        "atkBonus": -1,
        "defBonus": -1,
        "img": "images/terrains/sea/sea6.png",
        "type": "sea"
    },
    {   "name":"deep sea",
        "class" : 52,
        "atkBonus": -1,
        "defBonus": -1,
        "img": "images/terrains/sea/sea7.png",
        "type": "sea"
    },
    {   "name":"black tile",
        "class" : 53,
        "atkBonus": 0,
        "defBonus": 0,
        "img": "images/terrains/blacktile.png",
        "type": "impassable"
    },
    {   "name":"white tile",
        "class" : 54,
        "atkBonus": 0,
        "defBonus": 0,
        "img": "images/terrains/whitetile.png",
        "type": "impassable"
    },
    {   "name":"white tile",
        "class" : 55,
        "atkBonus": 0,
        "defBonus": 0,
        "img": "images/terrains/whitetile.png",
        "type": "plain"
    },
    {   "name":"gateway",
        "class" : 56,
        "atkBonus": 1,
        "defBonus": 1,
        "img": "images/terrains/impassable/impassable5.png",
        "type": "plain"
    }
  ]
}